full_text,label
kemaren pada ribut BBM tambah etanol tapi giliran Bobibos di puja2 abis2an kalian tau kan bahan bakar nabati itu etanolnya tinggi?,Negatif
@susno2g @Kemenperin_RI @kementan @KementerianESDM @pertamina @BobibosBBN @Danantara_ri @detikcom @KompasTV @tempodotco BBM Nabati etanol gak memungkinkan digunakan murni (100%) BBM Nabati bisa digunakan murni sudah masuk kategori butanol / pentanol. Produksi butanol / pentanol masih sangat langka dan mahal.,Negatif
@abu_waras Pak Sjafrie mengajak bahlil agar tidak perlu sibuk akan etanol menghapus subsidi BBM dan membuat kesulitan administrasi akan LPG yg membuat rakyat menderita Bahwa ada yg lbh penting di isi agar otak dan wewenang bermanfaat banyak ilegal penambangan dan pembalakan hutan,Negatif
Mau pakai bobibos atau etanol apapun yang penting ga bergantung sama BBM konvensional... Kalau enggak kasihan warga di daerah kayak gini...,Negatif
@kumparan BBM murni belum dicampur etanol 20%. Mending isi BBM ke SPBU Shell. Pasti aman motor/mobil,Negatif
Regulatory Capture in Slow Motion Pembatasan kuota impor BBM swasta pemaksaan etanol dan pasar yang sengaja disempitkan. Inilah wajah regulatory capture era baru. Hak konsumen untuk memilih BBM yang sesuai spesifikasi mesin? Diredam. Prinsip persaingan sehat dalam pasar https://t.co/8rSl2kt5GC,Negatif
@kumparan BBM etanol akhirnya swasta disuruh jualan BBM kualitas sampah.,Negatif
Ratusan mahasiswa di Kalsel juga memprotes terkait masalah BBM bercampur etanol yang merusak motor. Mereka mendesak wakil rakyat untuk bertindak. Via: @detikkalimantan https://t.co/al77OZxgBK,Negatif
Mahasiswa Kalsel Protes Masalah Motor Brebet Diduga Akibat BBM Campur Etanol https://t.co/9FGGHJzaPf,Negatif
Cepet rusak lho bbm e dioplos etanol,Negatif
kasian mesin kereta AE rusak gegara bbm dicampur etanol,Negatif
@SnaiperMask Maksudnya yang sekarang itu soal BBM Etanol padahal Pertamina masih jelek tingkat kepercayaan publiknya dan Kewajiban Harus Beli BBM Mentah bagi BBM Swasta yang malah mematikan bisnis BBM Swasta dan Monopoli Pertamina.,Negatif
@Heraloebss @FerryNLangelo Didalam ilustrasimy sudah jelas penyesuaian pada motor balap seperti mesin baru 850 cc lah motor kami motor model lama tentu blm tentu sesuai dg bbm etanol fakta lapangan mesin2 model lama mengalami kendala setelah menngunakan bbm beretanol.,Negatif
@tsyafy Campur etanol 70% mungkin 30% nya air wkwkwk... Biadabnya kerja bisnisnya rugi ESDM ribet bobibos... Si murid petronas malay jual bbm lebih murah &amp; qualified pun untung banyak sebagian profit dibakar di mercedes AMG petronas F1 buat global branding... Kalah telak...,Negatif
@Syifaaaaaa9_ Pertamina pgen pegang kendali monopoli import minyak swasta.. jadi biar dia satuÂ² importir.. jelek nya lagi BBM Pertamina di oplos Etanol.. dan itu di protes pihak SPBU swasta.. krna swasta import BBM Murni tanpa campuran Etanol.. etanol bisa menurunkan kinerja mesin.,Negatif
@prabowo Lapor Pak Presiden Saya mau bertanya ' Apakah Pemerintah mau ribut lawan Rakyat? ' Sudah banyak berita2 konyol Dalam Negeri jangan sampai Rakyat bergerak membatalkan kebaikan2 dari Pemerintah. Saat ini ada 2 kemarahan : batalkan BBM wajib Etanol dan revisi KUHAP yang baru.,Negatif
@Heraloebss 7 taun yg lalu sebelum rame2nya etanol gw dah pake di mobil sm motor campur bbm yg sdh exist. Hasilnya memang gak cocok buat spek disini. Perlu perubahan signifikan macam konverter atau sejenis agar gak error pada sensor2 mesin.,Negatif
@grok @Heraloebss jadi bbm yang mengandung etanol sebaiknya langsung digunakan karena kl kendaraan lama terparkir di garasi justru akan berbahaya untuk mesin?,Negatif
@sunny_daay @Heraloebss Ya etanol dalam BBM bersifat higroskopis sehingga bisa menyerap uap air dari udara jika tangki tidak penuh dan bahan bakar disimpan lama. Ini menyebabkan akumulasi air yang berpotensi memicu pemisahan fase (phase separation) di mana air dan etanol terpisah dari bensin yang,Negatif
@susno2g @Areanesia24 Nanti giliran tehmologinya di patenkan negara lain baru kebakaran jenggot. Menterinya malah ngotot pingin campur bbm dg etanol. Sementara ada temuan dg bahan baku ramah lingkungan mudah didapat jd keuntungan ganda utk petani dipersulit. Memang ruwetnesia. #PecatBahlil,Negatif
Mohon maaf pak bukana etanol lewih boros dibanding bbm biasa ? Kemudian kendaraan di indonesia belum ada yg ramah dengan etanol,Negatif
@hakimsrg @grok gimana sih cara obyektif ngecek kualitas BBM sendiri tanpa lab mahal? Terus kenapa ya banyak yang bilang BP sekarang lebih boros setelah beli base fuel dari Pertamina? Apa karena etanol atau sulfur atau cuma faktor psikologis gara gara gak suka Pertamina? Lalu kebijakan,Negatif
@grok @PlekEnjoyer @pikiran_rakyat apakah kandungan bobibos mengandung etanol? soalnya masyarakat pernah mengkritik rencana penggabungan 20% etanol ke bbm,Negatif
Tahu apa tentang ikhlas lul ? Kami rakyat beli BBM tidak pernah ngutang dikasih oplosan pertalite dicampur etanol. Beli ini itu dipajakin negara. Kurang ikhlas apa kami kpd pemerintah. Kalo masih minum alkohol ngk usah bicara keikhlasan lul. https://t.co/sG6BxLJ5pF,Negatif
@p4piKRiS @sharpandshark Emank iya.. Lah wong dr bbm yg campuran etanol aja peformanya blm se optimal bbm fosil masih kalah jauh... mau menyamai dengan bbm fosil aja campurannya susah....,Negatif
@Areanesia24 apa yang anda harapkan dengan BBM etanol? ruska lama lama mesin mu,Negatif
@Trev_1994 @sharpandshark Engine kendaraan jaman now ngga (belum) disiapin utk gunakan bbm etanol. Bbrp merek pabrikan malah jelas2 kasih peringatan di buku manual kendaraan utk tidak gunakan bbm etanol.,Negatif
@ARSIPAJA Preet..yg bilang doa lah betah lama2 dimasjid lahh..kinerja..bikin negara ribut ja soal BBM etanol 10%. Rencana E10 ja masih di 2026 tp bnyak motor mbrebet nya mlah sebelum 2026. Kualitas BBM pertamina cap tai.. Bobibos msti LEGAL dulu laah..entut beruut..,Negatif
Licik dan jahat BBM dioplos etanol itu sela-sela ber korupsi .. Yang normal aja kalau bbm jenis ini yg jenis.kalau ingin jadi pembisnis jangan jadi orang di pemerintahan.jualan sayur jualan bakso dll.@KemensetnegRI @DivHumas_Polri @kemendagri @Kemhan_RI @prabowo,Negatif
KITA GA BUTUH SNACK! KITA BUTUH BBM YG BUKAN CAMPURAN ETANOL DAN GA MAU DITIPU LAGI,Negatif
@KangManto123 Ya kan dia menteri esdm nya yg bisa mendorong dan melegalkan ya dia negara ini punya perangkat lengkap beserta ahli2nya untuk memproses hal tersebut. anyway si tolol ini dpt berapa rupiah sih dr per liter bbm yg di import dan di oplos etanol? Kok getol banget ngebet pake etanol,Negatif
Masalah campuran Etanol pada BBM tidak cuma di Indonesia aja yang merusak mesin. Di Prindapan juga 11 12 ama Indonesia...,Negatif
BAHLIL ANJING BAHLIL BANGSAT BAHLIL SETAN BAHLIL MONYET BAHLIL BABI FUCK BAHLIL FUCK. BBM LU CAMPUR ETANOL YA HARGANYA TURUNIN GBLK UDAH TAU ETANOL CEPET MENGUAP SI BBM CEPET ABIS INI HARGA BBM MASIH SEGITU2 AJA BANGSAT. MO PAKE SWASTA TUTUP SEMUAAA MATI AJA LO BAHLIL MATI,Negatif
faktanya kaum dungu justru ngamuk biofuel /etanol dicampur ke BBM pdahal hnya 10% aja tuh dibanding BBM bobibos kadar biofuel 100% murni https://t.co/WFSnmXpwgI,Negatif
@roronoakai0 @Giiselje Penelitian bagus itu belum tentu bisa diterapin di semua kondisi. Contoh beberapa motor di Indonesia ada yang emang ga boleh kemasukan etanol. Dari statement gue di awal ga ada tuh gue dukung etanol nya Bahlil. wkwk.. gue cuma mempertanyakan apakah BBM nabati itu.,Negatif
@xnopzx @alibinali1995 ya untuk keluaran terbaru tp bukan untuk kendaraan lama harus ada opsi juga disediakan BBM non etanol jgn diwajibkan semua harus etanol.. kasihan motor yg blm support etanol..,Negatif
@Giiselje Dia sendiri mau ngoplos BBM pake etanol nggak diuji dulu. Maen campur aja kek ngoplos miras,Negatif
Kenapa dia bisa seenaknya mencampur etanol tanpa babibubebo langsung jadi besoknya sedangkan ada warga yang menemukan bbm bagus malah dipersulit. Hypocrite at its finest.,Negatif
@Vi0_Jichan @FulakuSimawa @txtdrimedia Gatau lah mslh etanol2an isu etanol muncul sejak bahlil ngoceh buat mecah konsen rakyat Klo ada org indo atau swasta mau mnyediakan bbm murah dan berkualitas hrsnya dpt respon positif lah Ngapain pake barang prtamini oplosan semua,Negatif
Sobat Essentials pencampuran etanol dalam BBM bisa mengurangi kandungan energi pada bahan bakar. Selain berpotensi lebih boros bensin ada risiko korosi pada mesin kendaraan karena etanol bersifat menyerap air. Selengkapnya @tempodotco https://t.co/pzU8H680VT,Negatif
@Giiselje BAJINGAN.. BBM ETANOL BELUM UJI UDAH DI EDARKAN.. BANGSAT,Negatif
@Giiselje Bahlil jahanam BBM campuran etanol kau legalkan. Yg 0 emisi kau jegal!! Laknat!!,Negatif
@e100ss makanya bahlil kalo nyuruh pertamina ubah spesifikasi bbm jgn langsung dituruti. suruh koordinasi dulu sama menteri perindustrian biar spesifikasi industri otomotif nya juga disesuaikan dulu. karena etanol ada sifat korosifnya kalo spek motornya gak disesuaikan ya rusak ....,Negatif
Lah situ nyampur etanol ke bbm skrg pake uji 8bulan dulu kagak? Di uji kekendaraannya g ? Di cek g kendaraan yg beredar support penggunakan etanol apa kaga,Negatif
@Telkomsel Woy komitmen kalian itu cuman lip service negara ini ga ada orang yang bisa dipercaya.. BBM aja dioplos sama etanol..,Negatif
Ada katanya bbm ron 98 karya anak bangsa dari bahan ramah lingkungan banyak rakyat yang dukung ya jelas ini etanol murni tapi kok didukung tapi kemaren sampe protes keras ke pemerintah karena campuran etanol yang padahal belom terealisasi gajelas banget orang indo tolol,Negatif
@Mdy_Asmara1701 Berita banyak motor mbrebet gara2 BBM pake etanol...,Negatif
@adillaaaap @infomalang BBM nya ada campurannya etanol &amp; sejenisnya atau kalau nggak emang BBM nya yg gak cocok sama motornya mbak. Makanya jd gitu,Negatif
@GNFI Gada kerjaan rakyat lu noh banyak yg keracunan bbm etanol yg demo kemaren ditangkep2in,Negatif
Bahlil Bahlul bangsatttt......!!!! adikku tersayang Kadek jd kalah gegara kehabisan BBM. Udah di bilangin ditambah etanol tuh jadi lebih boros cepat habis bensinnya. Gimana rakyat mau sejahtera kl uangnya habis buat biaya transportasi. #PecatBahlilBahlul !!! https://t.co/8G7QNrn8JJ,Negatif
@kegblgnunfaedh coba yang punya buku panduan h*nda yg sudah injeksi dibaca lagi bbm campuran etanol tinggi berefek menyebabkan cat tangki rusak dan menyebabkan karat pada tanki menyebabkan pengendaraan tidak baik di gamabr ini buku panduan resmi h*nda https://t.co/DDDrkDDL5s,Negatif
@xremiums ngakuin kualitas bbm jlk aja susah amat...bkn mslh etanol...kualitas bbmnya....,Negatif
@prabowo dipaksa beli bbm dlm negeri yg kualitasnya buruk merusak karet seal. sekarang tiap minggu harus service kendaraan karena bbm etanol. dikira semua orang mampu service kendaraan tiap bulan? dengan pendapatan masyarakat 1-3jt perbulan yg gk seberapa mentri yg memalukan.,Negatif
@xremiums Ngeles @pertamina busi disalahin..tolol..? Belum pernah uji kelayakan BBM+Etanol ya kan..?,Negatif
Ada aja mau cari-cari sela korupsi BBM dicampur Etanol ..cerdik dan licik(koruptor). Yg normal aja BBM ok... Rakyat seluruh Indonesia sudah tahu... @prabowo @KemensetnegRI @kemendagri,Negatif
Motor saya ga pake busi malah ga idup pak padahal dah pake bbm oplos etanol,Negatif
Sumber bahan 'nabati'nya dari apa aja ga jelas Biasanya bahan 'nabati' BBM itu dari sawit kelapa jarak atau sumber oleokimia lain Ini denger-denger dari limbah pertanian dan pertanian apa ga diketahui. Curiga ini bioefuelnya berupa etanol. Bahenol nabati.,Negatif
@ferdinand_mpu pertanyaanya simple @pertamina punya alatnya nggak?? kalo punya kok masih bermasalah?? kalo tidak keuntungan dari penjualan BBM buat apa?? masih mendukung BBM pake etanol kah sempak merah?? https://t.co/VjgnGhRVGS,Negatif
Gigitan itu pahit kan? Rasa korupsi yang menetes pelan-2 ke hidung campur etanol air mata BBM naik &amp; beras impor busuk. Salam gigit jari balik buat kalian para PEMIMPIN PALSU: Nikmati aja RAMPASAN perangmu sekarang #kabinetmerahputih #PrabowoGibran #rakyatMUAK #beranilawan,Negatif
Pak @prabowo menteri Bp ini tidak mengerti visi Bapak menggerakan masyarakat menanam singkong untuk memproduksi etanol untuk mengurangi ketergantungan kpd BBM fosil. Pemerintah sudah menetapkan harga beli singkong Rp. 1.350. Rakyat mengeluh krn harga cuma 500 Rp/kg,Negatif
@prabowo dipaksa beli bbm dlm negeri yg kualitasnya buruk merusak karet seal. sekarang tiap minggu harus service kendaraan karena bbm etanol. dikira semua orang mampu service kendaraan tiap bulan? dengan pendapatan masyarakat 1-3jt perbulan yg gk seberapa mentri yg memalukan.,Negatif
udh nebak indon bakal begitu. even udh nitpick he's a muslim aja masih ada yg bilang ((tapi dia syiah syiah bukan islam)) like bfr. yall otaknya udh kena kontaminasi BBM oplos etanol jadi berkerak gt,Negatif
Ini sih tapi yang jadi menteri energi Somalia sekarang yang bikin ngeri sama ngeselin campur etanol di BBM sampe bikin banyak motor orang pada brebet nyusahin iya ngeselin juga iya https://t.co/58u3PdYV7o,Negatif
Kebijakan ngawur asal asalan tanpa memikirkan akibatnya rakyat di buat susah gara BBM di campur Etanol(pertalite). Motorku mogok deng gendeng,Negatif
@CongKene_doewa @kawiyanto @AraituLaki Ya BBM campur etanol bisa menyebabkan karat pada tangki bensin motor terutama karena etanol menyerap air yang memicu korosi pada tangki logam. Risiko lebih tinggi pada motor lawas atau campuran etanol tinggi. Gunakan BBM segar dan periksa tangki secara rutin untuk mencegahnya.,Negatif
@kawiyanto @AraituLaki Apakah bbm dicampur etanol bisa bikin karat tanki bbm motor @grok ?,Negatif
@DS_yantie Bahlil kan sekarang jadi Bahlul. Dya lagi menikmati bisnis pertalite campur etanol 10%. Dari ingredient lebih murah harusnya dengan harga jual yang sama laba bisa dipastikan lebih banyak. Karena secara efisiensi BBM di kendaraan performa mesin menjadi sangat boros.,Negatif
semoga jodoh gue mas2 teknik yg kayak erlang bukan yg ngide ngoplos bbm pake etanol. amin https://t.co/8Rdrq6xb6E,Negatif
bego ya org org yg marah karna bbm campur etanol kan emg anjinkss,Negatif
@TirtoID knp spbu swasta rame? tanya pertamina lah knp hancurin customer trust lu peak. bbm oplosan mengandung aer mengandung etanol and wtf.,Negatif
be bahlil &gt;saingan pertamina pada di singkirin semua &gt;bikin kebijakan untuk campurkan bbm dengan etanol yang notabene ga sehat buat motor karbu lama ni orang bikin kebijakan ga pernah benar dah mulai dari gas lpg tambang sama sekarang bbm. aneh bat mentri lu wok,Negatif
Percayalah aku paling benci kasus ini kek literally semua orang bergantung banget ama BBM. Terus motor sekarang belum disesuaikan ama BBM 10% etanol itu kupikir kemarin itu bakal diperbaiki taunya malah dilanjutkan. Motor suamiku juga kena gegara isi BBM Pertamina,Negatif
@RakyatBerbisik Hentikan BBM campur etanol! Rakyat dikasi hal ga enak terus!,Negatif
@PaltiWest Ajak si bahlil itu Turing naik motor trus isi BBM bareng yang dicampur etanol tsb... Dan selanjutnya biar dia rasakan sendiri motornya mogok sama-sama dijalan biar dia tau akibat etanol pada mesin motor.,Negatif
Pertamina buka bengkel gratis untuk motor brebet. Lucu juga ya berarti mereka udah tahu ada yang salah sama BBM-nya. Ini bukan soal mesin motor tapi soal kebijakan campur etanol yang dipaksakan Bahlil. BBM makin hijau tapi motor malah batuk-batuk. https://t.co/4VsMBkZqtD,Negatif
@NarasiNewsroom Padahal dibuku petunjuk kendaraan banyak yg larang BBM mengandung etanol bilang saja nyari proyek dari tebu jagung singkong td pasti udah pada siap tuh pemasok gedenya nanam dari skarang,Negatif
@senofabregas @peredam03 Lu ini g lihat berita ya ape gimana bang ditempat gw dah banyak orang kena habis isi bbm motornya langsung bunyi. Pas dicek kandungan bbm nya ada etanol. Punya hp searching napa,Negatif
@NarasiNewsroom bikin kebijakan soal etanol gak masalah selama terintegrasi dengan industri otomotif biar mesin motor di indonesia sudah disiapkan untuk spek bbm e20. kemen esdm koordinasi dg kemenperin. yg ada skrng mesin motor pada rusak karena sifat etanol korosif.,Negatif
@4notherme @Vitek666winsor @fructusputridus @peredam03 Cocok gak kebijakan E10 ini buat motor2 di indonesia? Ini menurut ahli ITB ethanol bersifat higroskopis sehingga meningkatkan kadar air di bensin nya Makanya banyak yg ngeluh waktu ditab bensinnya ada airnya dan motornya rusak https://t.co/JjONh947VU,Negatif
@alwaysyou59 @B3doel___ Ya mungkin tapi tidak mungkin jadi penyebab utama. Etanol di BBM bisa kurangi tenaga mesin sedikit (sekitar 3-5% di E10) karena energi lebih rendah tapi jarang bikin hilang tenaga total di tanjakan. Lebih mungkin karena masalah mekanik rem atau jalan licin. Di Indonesia,Negatif
@PresidenKopi Pngn tahu etanol di campur pertalite itu jdi sprti apa?.. lha koq mlh di campur air?.. ini kan orang da paham klo bbm di campur air psti brebet,Negatif
pecat aja bu dari kader @PDI_Perjuangan si @ferdinand_mpu orang ini benalu. apalagi kader bunglon yg senengnya lompat dari partai asal karena gk dapet apa-apa terus lumpat ke yg lain. ini orang pendukung bahlul yg suka nyampur BBM dengan etanol.,Negatif
Klo pnybab boros sdh pasti etanol biangnya. Tp brebet ini kmungkinan besar ad aditif yg dipakai u/ ningkatin performa BBM dan Naikin oktan. Tp mkn tdk riset dl bahwa aditif yg dipakai sifatnya korosif thd tangki/endapan kerak tangki jdnya kotoran terlepas dna nyumbat salutan bbm,Negatif
@4lessandre Ad kemungkinan bukan campuran air atau etanol mas tp larutan aditif pd bbm tsbt yg bersifat korisif terhadap tangki bensin atau endapan kerak pd tangki sehingga nyumbat saluran injeksi.,Negatif
@PresidenKopi Kalau @pertamina menjual bbm tanpa etanol meskipun harganya di naikkan. Saya yakin etanol ini pasti gak laku. Apakah ini cara pertamina utk monopoli pasar menyingkirkan pesaing trus naikin harga.???,Negatif
@KangManto123 Kalau hanya sekedar minta maaf kita juga bisa tapi kalau masih dicampur sedangkan masih banyak kendaraan yang nggak support gimana? Sekali lagi Jika hanya kata maaf saja yang diucapkan sedangkan BBM masih dicampur 10% etanol percuma!,Negatif
Idenya bahlil!! BBM dicampur etanol.,Negatif
@Luspatercept @grok Nah kita pun sbg konsumen harus tau brp persen kandungan etanol yg dipakai di BBM pertamina kalo lebih dari 10% kan berarti pertamina sdh berbuat curang. Dan kalo kebijakan soal etanol ini dipake oleh swasta apakah mereka akan mengurangi kadar etanolnya atau tidak?,Negatif
@PresidenKopi Sebagian besar kendaraan yang beredar di indo tdk di rancang kusus untuk bbm ber etanol. Ini akan jadi masalah serius dan masiv di masyarakat menengah kebawah,Negatif
DARIMANA IDE BBM CAMPUR ETANOL? Jika ingin bersaing dengan SPBU SWASTA bersainglah secara sehat. Harusnya Pertamina meningkatkan kualitas BBMnya bukan malah menurunkan kualitas BBM. Rakyat dipaksa memakai BBM Pertamina yang jelek. https://t.co/uCUavFXybd,Negatif
@PaltiWest Pantesan motor aing brebet anjing gara gara bahlil bbm campur etanol. Uasuuu,Negatif
@Ary_PrasKe2 @Anak__Ogi @BiLLRaY2019 @Budionotaslim3 @CakKhum @Cintada16 @elsaday__ @FirzaHusain @HumorJonTampan @jhonsitorus_19 @NgkongRoses Tuntut SPBU tsb Pertamina Pemerintah yg bidangi ESDM &amp; BUMN serta Presiden RI.! Tuntut agar Kebijakan BBM dg campuran Etanol 10% tsb di Batalkan.!! Tuntut jg agar Bahlil di Pecat.! @jawapos @rmol_id @detikcom @TirtoID @Prabowo08_,Negatif
@Suchie_22 Ngapain dicampur air yg perlu dibuktikan itu apakah etanol yg dicampur bbm itu akan menjadi air yg jd biang kerok kan air tsb yg bikin motor brebet akibat bbm dicampur etanol,Negatif
Abis ngisi bensin full tank trs brebet gini amat tinggal di indo etanol bagus kalau kualitas BBM dari pertamina bagus pak lil bahlil kualitas pokokknya aja kek tai benerin dulu aja baru di inovasi,Negatif
mau menambahkan ya kalau etanol itu sifatnya hidroskop jadi air yg tercamput bbm itu kemungkinan besar terjadi memang dari hulu krn porcessing buruk handling hingga storaging yg akumulatif. intinya bodoh mau oplos bbm pake etanol klo ga paham kerja kimiawi,Negatif
@adiaqa @PaltiWest itu gara-gara etanol energi per liternya lebih kecil daripada BBM murni jadi dengan jumlah liter yang sama BBM campuran jarak tempuhnya jelas lebih pendek. tapi mbok harga BBM nya dikurangin kalo harganya sama tapi jarak tempuhnya lebih pendek ya boncos,Negatif
@Ary_PrasKe2 @Anak__Ogi @BiLLRaY2019 @Budionotaslim3 @CakKhum @Cintada16 @elsaday__ @FirzaHusain @HumorJonTampan @jhonsitorus_19 @NgkongRoses BBM di Indonesia dari pusat dioplos dgn etanol oleh makelar impor Pertamina sampai daerah dioplos dgn minyak sumur ilegal oleh pengusaha SPBU. Persamaannya sama2 kegiatannya dibeking oleh aparat utk setoran ke pimpinannya. Bangsat..,Negatif
@Ary_PrasKe2 @Anak__Ogi @BiLLRaY2019 @Budionotaslim3 @CakKhum @Cintada16 @elsaday__ @FirzaHusain @HumorJonTampan @jhonsitorus_19 @NgkongRoses Makanya pertamina klo gak bisa buat BBM berkualitas tutup aja. Kasih BBM asing. Udah harganya mahal kualitas buruk ditambahkan etanol segala.. Hancur lebur.. Udah gitu BBM impor dari Singapura pula.. Bangsat.. SAMPAH..,Negatif
@PaltiWest Gini bahan etanol mau dijadikan campuran BBM bikin rusak kendaraan. PERTIPUAN BAHLUL ASUUU. BENSIN PERTALULIT CELAKA BUANG AJA KECOMBERAN,Negatif
Bukan jir ini mah krn penambahan etanol yg ga kira2 itu bkin bbmnya bereaksi sama besi. Pdhl bbm cuma setangki aja bisa ngasilin air segitu banyaknya bayangin gimana cape mesinnya yg g build buat ngeluarin residu gituan. Busi kebakar saluran bbmnya kesumbat besi,Negatif
@Ngadinopanser @bangherwin Kebijakan negara sering bikin susah rakyat karena lahir dari ego politik atau visi ambisius tanpa analisis risikonya yang matang. Di kasus etanol campur BBM niat hemat impor dan ramah lingkungan mulia tapi tanpa infrastruktur Pertamina siap malah picu harga naik kerusakan,Negatif
Ngotot nyampurin etanol ke BBM tanpa beresin dulu infrastruktur Pertamina itu kayak maksa orang minum obat cacing padahal lagi demam: salah sasaran salah timing dan jelas bukan solusi. Bukti bahwa kebijakan di Indonesia saat ini selalu lahir dari ego bukan dari nalar. https://t.co/tn7DtM5Xt6,Negatif
@ARSIPAJA Tidak ada pilihan buat rakyat kalo Kouta impor kemudian harga bbm naik. Kalo etanol resiko nya kendaraan bermotor brebet,Negatif
@AldhitamaR Aseekk ana kancane gasss jangan dikasih BBM etanol yak sajuma motor alim,Negatif
@KangManto123 Jangan buta dan tuli @pertamina. Benerin kwalitas udh kemarin Pertamax rasa pertalite. Sekarang perlite ada etanol. Udh satu-satu jdi perusahaan penyedia BBM malah amatir. Maluuuuu aku tuh BUMN Indonesia model ky gini,Negatif
Bahayanya BBM dicampur dengan etanol terbukti dalam video ini. Apa masyarakat masih percaya dengan pernyataan menteri ESDM bahlil lahadalia kalau etanol dicampur dengan BBM aman di gunakan bagi kendaraan .??? kapan PERTAMINA ANDA MAU BERUBAH !!!! https://t.co/qtdo1I60ya,Negatif
@Afakhrudin728 @PaltiWest Lu nggk baca berita ya.. Itu putusan dr pertamina sendiri untuk mencampur etanol k BBM hingga kadar melebihi yg seharus.nya.. Efek.nya k mesin motor...,Negatif
Motor Brebet dan Mogok Massal di Jatim Kandungan Etanol pada BBM Melebihi 10 Persen? https://t.co/fa8utaON3p,Negatif
Udah ada bukti kasus mesin rusak gara-gara campuran etanol tapi Bahlil masih aja ngegas maksa rakyat pakai BBM ber-etanol. Ilmu bantahnya kenceng tanggung jawabnya enteng: MAAF JIAAAH...! Sementara itu komisaris Pertamina malah masih aja sibuk ngurusin si mantan . https://t.co/5jweuVyete,Negatif
Ketidak jujuran seorang Bahlil Lahadalia tentang campuran etanol pada BBM. Seharusnya saat memutuskan memaknai etanol sebagai campuran BBM harusnya SEBUTKAN juga efeknya. Bahwa tidak semua mesin jenis kendaraan dapat menerima BBM oplosan.,Negatif
Motor Brebet dan Mogok Massal di Jatim Kembali Viral SPBU Swasta Batal Beli BBM di Pertamina karena Dicampur Etanol https://t.co/UnGTFoecCD,Negatif
Solusinya nggak gini dong Blin Goblin. STOP CAMPURIN ETANOL KE BBM DONG BLOG.,Negatif
Ni pemerintah maksa banget dah bikin etanol padahal mesin kendaraannya aja ga mendukung buat bbm yang dicampurin etanol. Mikir ga si pemerintah,Negatif
@ARSIPAJA Negara kaya minyak bumi bukan ngembangin teknologi biar ngga impor bbm malah bikin etanol buat ngoplos. Pak maaf yg ngga waras @prabowo atau bahlil ini,Negatif
Tolak BBM Etanol Pertamina. #TolakBBMEtanolPertamina #PecatBahlil,Negatif
Dari video ini bisa dimulai utk investigasi terhadap kasus kendaraan brebet dan mogok masal. Terutama di Jatim. Pada bulan September 2025 lalu SPBU swasta batal beli BBM dari Pertamina. Salah satu alasannya karena tidak ada transparansi mengenai kandungan etanol. Kemudian https://t.co/ZsclHJOaIR,Negatif
@ARSIPAJA Rakyat beli kendaraan yg dibolehkan/legal olh negara. Negara dpt pajak dr pembelian kend. Tp tipe kend tdk bs nrima etanol. Trs pemerintah ga mau tau yg ptg jual bbm ber etanol. Emg bajingan kalian,Negatif
PREDIKSI IDE BAHLUL SENJATA MAKAN TUAN ? 1.Siapkan BBM oplos Etanol utk merusak citra SPBU Swasta 2.Siapkan aturan SPBU swasta wajib beli dr Pertamina. 3.SPBU Swasta menolak pilih tutup 4.BBM oplosan Etanol itu dijual sendiri dgn dilegalisir 5.Banyak kendaraan macet krn BBM,Negatif
@haikarrll85 @ARSIPAJA Menterinya suruh belajar dulu masalah tehnik mesin terutama mesin sepeda dan mobil.... Ok lah mungkin ada mesin sepeda&amp;mobil yg bisa pakai BBM campuran etanol lha u mesin sepeda&amp;mobil yg gak bisa pakai BBM campuran etanol gimana ?? Jangan disamaratakan...,Negatif
@kompascom Eh Bahlul kalo di Amerika itu produsen Motor dan mobil sudah expand ke FFV jadi bisa pake Etanol 10-20 bahkan 85 next tapi di indo produsen mobil dan motor belum bahkan Nol yg Bikin FFV jadi kalo BBM nya dulu di ganti yg ada kerusakan masal Bodohh ...,Negatif
@grok Lama lama makin goblok aja lu grok etanol ngk bagus buat mesin itu suda ada risetnya kalau uda ada pernyataan seperti itu berarti dalam jangka panjang akan merugikan konsumen. Lihat aja kualitas BBM indo kemarin kemarin pada bikin mesin kendaraan rusak apa lagi ditambah etanol,Negatif
Kajian tentang pencampuran etanol dan dampak negatif ke kendaraan sudah ada belum? Kalian jangan seenaknya mencampur BBM tanpa memikirkan kerugian pemilik kendaraan Shell dkk tidak mau membeli bahan mentah karena ada etanol dibawah 10% kalian malah campur 10%,Negatif
apalagi sekarang ruwet masalah bbm jelek dari si merah kan udah saatnya sekalian nuntut pemda buat hadirin transum daripada pusing rawatin kendaraan pribadi gara-gara kebijakan tolol etanol itu,Negatif
@RaniKancana @prabowo Bahlil ini benerÂ² Bahlul yg bilang Etanol jelek itu tdk ada cuma tidak cocok dipakai campuran bbm di Indonesia karena pabrikkan priduksi kendaraan di Indonesia blm kompatibel etanol cari untung buat mafia migas sebesarÂ²nya dg cara mudah dan murah,Negatif
@wahyu8106 @kompascom @DPR_RI Ya kebijakan E10 berpotensi menambah beban rakyat karena konsumsi BBM naik 3-5% akibat densitas energi etanol lebih rendah plus risiko korosi pada kendaraan lawas yang mendominasi di Indonesia tanpa program modifikasi murah. DPR RI melalui anggota seperti Ateng Sutisna dan Nevi,Negatif
@tanyakanrl Bengkel mulai rame byk motor yg ndet an karna etanol. Temen suami gue punya 3 cabang bengkel semuanya rame semenjak bbm dimonopoli. Motor banyak yang mesinnya karatan. Pemerintah sejahat itu emang Minimal klo gamau punya saingan perbaiki kualitas bbmnya. Dikorup mulu si,Negatif
@P3gEl Bahlil ngomong etanol lagi abis Loe bahlil semua SPBU swasta batal beli BBM dari Pertamina dasar dungu,Negatif
Beredar narasi di mesia sosial terkait bahan bakar minyak (BBM) dengan etanol diduga menyebabkan tangki hingga busi berkarat. Baca Selengkapnya https://t.co/d0zN0UDBkR ~NA #BBM #Etanol #MesinKendaraan https://t.co/Tl0sC6A6Sy,Negatif
Beredar narasi di mesia sosial terkait bahan bakar minyak (BBM) dengan etanol diduga menyebabkan tangki hingga busi berkarat. Baca Selengkapnya https://t.co/vsblgwyQPf. ~NA #BBM #Etanol #MesinKendaraan https://t.co/Z2DLFvexsu,Negatif
@tempodotco Eh kuntoll Etanol bagus utk BBM Tp ga bagus utk tangki motor dan seal segala macem anyink,Negatif
Menteri Energi dan Sumber Daya Mineral (ESDM) Bahlil Lahadalia menepis tudingan yang menyebutkan bahwa penggunaan etanol sebagai campuran bahan bakar minyak (BBM) dapat merusak mesin kendaraan. Ia menuding balik isu tersebut dihembuskan oleh pihak-pihak yang tidak ingin kuota https://t.co/s2RfgCXPby,Negatif
@BiLLRaY2019 Kalau setelah diperiksa sesuaindg ketentuan berarti campuran bbm+etanol ini biang keroknya banyak kendaraan yg mogok dan brebet karena kendaraannya tidak kompatibel dg etanol,Negatif
@zulifa973x @kompascom Etanol dalam campuran BBM bisa merusak mesin kendaraan jika kadarnya tinggi (misalnya &gt;10-15%) atau pada kendaraan lama yang tidak kompatibel. Dampaknya termasuk korosi kerusakan seal karet dan penurunan efisiensi. Namun kendaraan modern biasanya aman dengan E10. Saran: Cek,Negatif
@tempodotco bagus untuk BBM tidak bagus untuk mesin motor g ada yang salah dengan etanol jika di pakai ke mesin mobil yang jadi masalah skr adalah etanol tidak bagus untuk motor.. dari awal sebelum campur etanol sudah dilakukan reset ga?,Negatif
@kompascom Orang ini brengsex sekali padahal dia yg memaksa spbu asing beli bbm lewat pertamina yg sebelumnya mereka import sendiri utk memenuhi kebutuhan pelanggan utk bbm berkualitas bebas dari etanol yg berkadar tinggi. Sehingga spbu asing pd stop dan hengkang dari Konoha.,Negatif
Apakah aturan pemerintah yang mewajibkan kandungan etanol itu semata-mata buat hal positif kayak ngurangin polusi dan ketergantungan minyak bumi ATAU justru buat matiin saingannya secara instan? Padahal kualitas BBM Pertamina aja masih dipertanyakan !!,Negatif
@e100ss Ini kasus besar Abis korupsi besar Lanjut kilang terbakar Ditambah monopoli bbm Nutup swasta Bangga pake etanol impor Padahal belum E10 udah begini Ga usa nunggu 2030 2026-2027 ancur ancur,Negatif
gilaa masih pagi motor mendadak mati di jalan BBM ETANOL ANJING,Negatif
@AdiAdimsamin @DS_yantie Ya India sudah targetkan E20 (20% etanol) di BBM sementara AS umum pakai E10. Di kedua negara ada laporan serupa soal motor mogok atau masalah engine akibat etanol: menyerap air korosi dan rusak karburator pada motor lama. Kendaraan modern lebih tahan tapi isu tetap ada,Negatif
@tempodotco Pejabat negara mulai isi bbm dgn etanol biar lu tau efeknya gimana!!!. Untuk makan kalian sekeluarga dr MBG biar kalian tau jg rasa nya gimana. Kalian sekeluarga wajib berobat pake bpjs biar kalian tau jg rasanya gimana. Kalian wajib makan beras raskin biar tau jg rasanya,Negatif
@somexthread Gara gara mentri nyuru campur etanol. Sblm di resmiin di trial dulu efek nya.. Bikin mesin rusak apa engga... Yg rugi yg ngisi BBM di pertemina.,Negatif
Menteri Energi dan Sumber Daya Mineral (ESDM) Bahlil Lahadalia menepis tudingan yang menyebutkan bahwa penggunaan etanol sebagai campuran bahan bakar minyak (BBM) dapat merusak mesin kendaraan. Baca selengkapnya https://t.co/ivWQ3dqA9N. ~AM #Bahlil #Etanol #BBM https://t.co/RFpGkjQPSV,Negatif
@tempodotco Ini Akibat Main Monopoli Bensin Terlanjur Impor BBM Akibat Di Campur Etanol Gak Ada Yang Beli Akhirnya Rakyat Di Paksa Beli Habiskan Stok BBM Yang Udah Di Campur Etanol.,Negatif
@tempodotco Yg bikin penasaran kenapa tetep keukeuh harus ada/isi Etanol? Sebenernya siapa sih yg bakal pegang hak supply Etanol? Sedangkan pemegang hqk supply Zat Pewarna di BBM yg sekarang aja belum ada yg berani ungkap! Mafia anjjngg emang mereka semua!!!,Negatif
@tempodotco Ini serius etanol udah dioplos ke bbm? Kalau iya ini orang ga mikir atau gimana sih? Indonesia tuh punya ilmuawan atau peneliti kan buat kebijakan ini? Kendaraan di Indonesia itu belum support buat bahan bakar beretanol kocak. Udah main diterapin aja. Yg ada menyengsarakan rkyt,Negatif
@prabowo BBM dicampur etanol mau merusak mesin ya? tolong turun ke bawah jangan terima laporan dari Tedy melulu Bosss....,Negatif
@tempodotco emang pada dasarnya tolol dan gak peduli sama masyarakat aja makannya selalu maksa bilang klo etanol tidak masalah di masukan ke bbm padahal sudah banyak ahli yg bersuara etanol tidak baik untuk mesin kendaraan. emang supaya dia bisa pangkas sana sini untuk kantong pribadi aja.,Negatif
@somexthread @sapajabowleh BBM JENIS PERTALITE PERTAMINA YG ADA DIPASARAN MMG KUALITASNYA TDK STANDAR (ADA PENCAMPURAN ETANOL AIR UDARA &amp; BAHAN ADITIF LAIN) SHG KANDUNGAN GAS SULFURNYA TINGGI. INI SGT MERUGIKAN KONSUMEN KRN DAMPAKNYA RESIKO KERUSAKAN MESIN TINGGI. SDH TERJADI BERULANG'. DASAR MALING!,Negatif
@ARSIPAJA bukannya dia ya yg paksakan kehendak dia untuk semua warga nurut dengan memakai bbm etanol yg dia buat. gak jelas cok.,Negatif
@goonjol Belum ada konfirmasi resmi dari Pertamina bahwa mereka telah menambah kadar etanol dalam BBM saat ini. Rencana mandatori E10 (10% etanol) baru berlaku 2026 dan Pertamina klaim tak ganggu performa kendaraan. Namun ada keluhan serupa di Lamongan Surabaya dll. diduga campuran,Negatif
bagus buat bbm lebih bersih pembakarannya juga lebih sempurna. TAPI ETANOL ITU KOROSIF JADINYA TIDAK BAGUS BUAT TANKI BBM KENDARAAN,Negatif
@empu_gindrang @jing_haoo @sbyfess Rek bener akeh keluhan motor anyar brebet/mogok ing Jatim sawise isi Pertalite akhir-akhir iki diduga saka masalah kualitas BBM (bisa kontaminasi ora mung etanol). Pertamina lagi investigasi lan buka posko. Nanging E10 umume aman kanggo motor modern (post-2010) miturut pakar,Negatif
@empu_gindrang @jing_haoo @sbyfess Rek akhir-akhir iki akeh keluhan motor brebet lan mogok ing Jatim sawise isi Pertalite. Diduga amarga kualitas BBM sing terganggu mungkin campuran etanol utawa kontaminasi liyane. Pertamina lagi investigasi lan uji lab sampel. Saranku ganti Pertamax sementara lan cek bengkel.,Negatif
@kompascom BBM + etanol = brebet lol,Negatif
@ferdinand_mpu @Bambangmulyonoo apapun itu tapi faktanya BBM di campur etanol mesin jadi rusak kan?? di situ tidak ada keterangan ada kena air loh... coba sih latihan jangan membiaskan topik pembahasan.,Negatif
@ARSIPAJA Kendaraan bisa rusak kena BBM etanol Tapi ESDM? Bodo amat : Jalan terus kebijakan tanpa lihat kondisi mesin rakyat. Jadi bukan cuma isu SPBU swasta nolak tapi soal umur mesin juga.. https://t.co/tzRNUXawcJ,Negatif
Boleh..yang ga boleh itu nyampur etanol ke BBM. Tapi emang udah ada yang minta maaf?? Kok tiba-tiba dimaafkan... Ciee https://t.co/QXe6Zip54H,Negatif
Kalau di 1 pom saja mungkin ada oknum tp kalau banyak pom ya bisa jadi struktural karena dari QC dan pengawasannya udah bobrok. Itupun kalau memang karena qualitas bbm nya yang jelek. Tp kan kemari batas campuran etanol yang diperbolehkan sepertinya sampai 20%. Ckuuuuaaaakkkkks,Negatif
@PaltiWest Setahu saya harga etanol lbh tinggi dr bensin sehingga hanya untuk BBM yg mahal agar lbh bagus. Bila tanki sdh ada air (biasanya di lubang tap yg jorok) maka etanol tertarik ke air tsb &amp; terpisah dr bensin (vol air bertambah vol bensin berkurang). Akibatnya mogok atau boros.,Negatif
@ARSIPAJA Mau cari lahan dimana ? Jangan jangan menggasak areal perkebunan. Dulu juga proyek etanol dari singkong cuma rame2 hangat di awal trs menghilang. Begitu juga proyek BBM jarak pagar cuma rame diawal sampai warga ramai ramai tanam gak ada yg beli.,Negatif
@bahlillahadalia Lo yang bikin ulah malah @pertamina yang harus tanggung jawab ke kendaraan korban bbm di oplos pake etanol. @prabowo @Gerindra udah pada sakit jiwa kali menteri lo wo. Tiap hari cuma bikin susah rakyat aja kerjaanya,Negatif
@ngetweetssss @Suchie_22 Denatured alcohol untuk bahan bakar (seperti etanol di BBM) biasanya anhydrous dengan kadar air maksimal 1% atau kurang sesuai standar seperti ASTM D4806. Kalau hydrous bisa sampai 4-5% air tapi jarang dipakai karena risiko korosi. Tergantung regulasi negara!,Negatif
Bahlil emang sengaja diutus Jkw &amp; LBP utk hancurkan pertamina dr mulai korupsi harga kilang minyak dibakar sampai dg bbm campur etanol &amp; air tujuannya menghancurkan perekonomian rakyat &amp; pemerintahan Indonesia,Negatif
@vigi_lantye @xtramadolx @GNFI oke bacot lu bilang luar negri udah pake E20 - E50 sekarang berani ga adu sampel bbm busuk pertamina ama BBM campur etanol dari luar?,Negatif
@vigi_lantye @Kingomingo000 @GNFI Lo teknik mesin? Harus nya tau mesin tong. Makanya gue tanya kenapa banyak yang ngeluh pakai pertamina lo bilang kalau pajero sama beat harusnya aman. Tapi kenapa banyak yang ngeluh? Kalau tweet lo fokus nya ke bbm etanol dari dulu juga udah pake 2-5%.,Negatif
AlihÂ² campur etanol padahal Air. disisi lain tidak semua mesin kendaraan dapat menggunakan etanol. Pemerintah kok makin ruwet. ðŸ‡®ðŸ‡© Kaya BBM tapi entah raib kemana. Global pada saling bersaing untuk ciptain kendaraan bahan bakar hidrogen ðŸ‡®ðŸ‡© sibuk nyusahin rakyatnya dengan BBM.,Negatif
@innovacommunity Tidak sesimpel itu analisanya min. Yg lebih mahal itu aditif bahan bakarnya. Teknologi kualitas bbm di aditifnya. Sifat etanol ada dari sbagian fungsi aditif. Tp etanol bisa jadi ada kmungkinan dipake plat merah sbagai aditif itu.,Negatif
@e100ss Dirunut dari pernyataan pihak SPBU swasta yg batal ambil kuota bbm dr pertamina krn kandungan etanolnya tinggi &amp; diamini sama bahlil soal penggunaan campuran etanol 10% sdh bisa diambil kesimpulan siapa yg memainkan oplosan dr awal tak perlu bermain drama! Emg sdh rusak dr dlm.,Negatif
@blackshark7890 Pola ngoplos BBM fix kelakuan pertamina yg di rekomendasi si bahlil bahlul. jgn kan oplos dgn etanol dioplos dgn air biasa jg bisa. dr video tsb bisa di test klu air tsb bkn ethanol tp air biasa. #bahlilbahlul,Negatif
@PaltiWest Klu kendaraan baru ok etanol ngak ada masalah tp buat kendaraan lama etanol bisa bikin koresi dan tangki rudak kendaraan ngadat dan tidak bertenaga trntu boros pemakaian BBM benahi dulu regulasi agar tidak merugikan semua pihak #pertamina #semuaorang,Negatif
Busa jadi tangki penampungan bbm di SPBU dan salurannya keropos kena zat aditif/etanol. Jd pas musim ujan gini tangki-nya kena rembesan air hujan di dalam tanah,Negatif
@blue_berets7 Buat yang motornya rusak karena etanol di bbm silahkan minta ganti rugi ke bahlil,Negatif
@Ary_PrasKe2 @AntoniusCDN @BiLLRaY2019 @CakKhum @ch_chotimah2 @Cintada16 @dcristnugroho @jhonsitorus_19 @HumorJonTampan @elsaday__ @NHenryp29864 Nama pertamina mau dipermak kayak apapun makin jombrot. Jadi curiga jangan2 pertamina sdh lakukan percobaan BBM campur etanol tp gagal akibatnya motor yg makek pertalite yg jd kelinci percobaan,Negatif
shell kapan yaaa ada lagi stok bbm nya? jujur rodok males isi nang bp... selain pro-zionist service petugasnya kurang ramah. gak kayak shell tapi yaudah mau gamau daripada mesin motor lama-lama rusak kena etanol nya bahlil,Negatif
@prabowo_ mana pak... Kok bbm sudah keliatas jalas dan banyak masalah bapak diam ajh. Bukan bbm nya pak yg harus di campur air atau etanol. Tapi produksu kendaraannya yg batasi. Pak... itu da jelas tidakan yg salah jangan diam ajh pak. Tegak lurus pak.,Negatif
#edukasi | VIRAL BBM CAMPUR ETANOL Bikin Mesin Cepat RUSAK Atau Jadi I... https://t.co/RkbNa3qme7 via @YouTube,Negatif
@tempodotco Ngomong kyk gini krn mobilnya ga pk BBM yg di oplos pk etanol.,Negatif
@tempodotco Benarr karna pembuat pabriknya sendiri yang memberitahukan customer di buku manual terkait penambahan BBM dengan kandungan Etanol dapat mempengatuhi kinerja mesin motor,Negatif
@grok apakah pertamina sudah menambah kadar etanol dalam bbm kok banyak keluhan kendaraan brebet dan mogok minggu ini,Negatif
@tempodotco BENAR tidak benar etanol tidak bagua untuk BBM yg tepat etanol buruk untuk mesin kendaraan,Negatif
"Sepertinya yang banyak dibincangkan bukan di BBM nya Pak tapi di mesin kendaraan yang belum teruji menggunakan etanol itu sendiri, jadi ya bukti aja kalo etanol nya ga bermalasah tapi mesin itu sendiri",Positif
@mukabeton @tempodotco @bahlillahadalia Ya Bahlil Lahadalia memang menyatakan bahwa etanol bagus untuk BBM seperti dalam pidatonya yang dikutip https://t.co/qloLQt0VQt dan video Golkar. Ia sebut etanol dipakai di AS (E20) Brasil (E27) untuk kurangi impor dan ciptakan lapangan kerja dengan,Positif
@tham878 Klo logika ini dipakai ke sistem aspal jalan jg sama loh Bayar mahal utk aspal jalan Tp jalan cepat berlubang Nilai sosial nya banyak loh Bikin bengkel di sekitar jadi laris Begitu jg jika bbm campur etanol Tengok jatim Lg banyak bengkel makmur Jadi siapa setuju dgn beliau ?,Positif
Menteri Energi dan Sumber Daya Mineral (ESDM) Bahlil Lahadalia menepis tudingan penggunaan etanol sebagai campuran bahan bakar minyak (BBM) dapat merusak mesin kendaraan. Ia menuding balik isu tersebut dihembuskan oleh pihak-pihak yang tidak ingin kuota impornya terpangkas https://t.co/moTwmQ8Xf8,Positif
@jek___ Makasih infonya sangat bermanfaat bagi motor saya kena bbm etanol..,Positif
Pertamina Bidik Peluang dari Etanol: 70 Persen Lebih Murah dari Bensin https://t.co/CpTTk41Ebo yuk disimak pemgalaman Brasil yg sukses dgn etanol sbg BBM,Positif
@KangManto123 BBM nabati ini kayaknya pure etanol sih karena etanol bisa dibuat dari tebu atau jagung. Emisi gas buang tetap ada tapi cukup rendah daripada BBM fosil. Kalo kita mau terapkan BBM ini motor kita harus ganti part yg bisa tahan sama etanol.,Positif
@masibnoe79 @el_bendoyo @tempodotco Untuk konsumen campuran etanol (seperti E10) Menguntungkan: Kurangi emisi tingkatkan oktan untuk performa mesin lebih baik potensi harga BBM lebih stabil jika produksi lokal (tebu) berkembang.,Positif
@empu_gindrang @jing_haoo @sbyfess Rek etanol 10% (E10) umume aman kanggo kendaraan modern ing Indonesia amarga pemerintah nyatakake kendaraan bisa nahan nganti 20%.,Positif
@Informnts Good kasih dia BBM oplosan full etanol @pertamina,Positif
@syahpira99640 @somexthread Udh selesai kok masalah etanol dgn banyaknya respon positif utk bbm bobibos yg katanya penemuan anak bangsa ..,Positif
Diajak Bos Toyota Wamen Investasi Belajar BBM Etanol di Jepang https://t.co/ju75qxHpXL,Positif
@fatimah_rusalka dapat jatah bbm tanpa etanol juga nich :v,Positif
@Excel_Dee Bobibos ambil kesempatan saat ramai isu etanol dalam BBM. Bahlil bakal makan omongannya sendiri. Pinter sih momentumnya pas buat launching,Positif
BBM Etanol E10 Dimulai! Menteri ATR/BPN Nusron Wahid Umumkan Lahan Eks HGU &amp;#038; Tanah Terlantar Siap Digunakan #partaigolkar #golkarpedia #61tahungolkar #bahlillahadalia https://t.co/gZKBRMD4Ig,Positif
Etanol: Bukan BBM Biasa Tapi SIMBOL KETAHANAN! #Bioetanol adalah kunci kemandirian energi Indonesia. Ini adalah masa depan yang kita bangun bersama. Klik dan pahami peran strategisnya! https://t.co/SVmcOwx7E0 #BanggaIndonesiaHijau #RenewableEnergy #EnergiNegeriku,Positif
BBM Pertamina dengan Etanol Makin Laris Ini Buktinya https://t.co/0VQ5EsyROa,Positif
@sunny_daay @Heraloebss Ya BBM campur etanol sebaiknya digunakan segera untuk menghindari penyerapan air yang bisa menyebabkan pemisahan fase dan kerusakan mesin jika disimpan lama (lebih dari 1-3 bulan). Untuk parkir panjang gunakan stabilizer bahan bakar isi tangki penuh dan ganti BBM secara,Positif
@e100ss Apakah kalian sudah melakukan riset dan uji kelayakan soal bbm campur etanol? @pertamina @pertamina135 tp alhamdulillah BP makin rame rela antri drpd beli bensin di Pertamina,Positif
@ArmaZulfikar @unmagnetism Tidak selalu mahal karena di Brasil etanol dari fermentasi tebu sudah kompetitif dengan harga BBM fosil sekitar US$0 7-0 9 per liter berkat skala produksi besar dan efisiensi tinggi. Modal awal memang tinggi untuk fermentasi distilasi dan infrastruktur tapi biaya operasional,Positif
Semua akan bioetanol pada waktunya Termasuk yg kemarin marah soal campuran etanol di bBM produksi pertamina...,Positif
@unmagnetism X adalah kumpulan LSM yg ngaku sok pinter tapi bloon . Contoh bobilblos katanya modal murah . Spiritus sama etanol aja di fermentasi dari tumbuhan modalnya mahal mana ada BBM dari fermentasi tumbuhan yang murah. @grok bukankah begitu??,Positif
@yucky_taco67035 @KangManto123 Tidak benar secara umum. Bensin Pertamina seperti Pertamax dirancang aman untuk mesin standar. Klaim kerusakan sering dari hoaks atau BBM oplosan/bercampur etanol berlebih yang bisa korosi pada mesin lawas. Gunakan dari SPBU resmi untuk menghindari risiko. Sumber: Pertamina &amp;,Positif
@ruliemaulana @KementerianESDM Katanya mobil2 keluaran thn 2016 ke atas ngga masalah dgn campuran etanol sampai 20%. Lagian kata hasan nasbi nanti biarpun ada bioetanol tpi bbm model pertalite tetap ada. Cuma mungkin dibatasi kuotanya,Positif
@tukangbullylgbt @sharpandshark Bobibos adalah BBM nabati dari fer mentasi jerami padi menghasilkan bioetanol dengan RON 98-120. Etanol umumnya dari tebu/jagung juga alkohol (C2H5OH) untuk bahan bakar. Bedanya: Bobibos khusus dari limbah Indonesia lebih ramah lingkungan tenaga mobil lebih kuat &amp; emisi nol,Positif
@RiyanRiyan52986 @Areanesia24 kalo 100% etanol juga bagus karena pemerntah gak perlu impor etanol buat campuran bbm. kan pemrentah sendiri mau bikin campuran bbm pakek etanol tapi etanolnya sendiri belum ada lahan buat nanem bahan bakunya aja masih dicarikan ama nusron.,Positif
@xremiums @paivting Bobibos memang okey. Perlu dikembangkan. Untuk menyaingi BBM yg dicampur Etanol.,Positif
@BANGSAygSUJUD @Merdeka2124 @99propaganda @are_inismyname @arum_melasari @kiwalipitu @Ndons_Back @SBaigin @florieliciouss @xquitavee @tonybulumanu @FDonghun Bobibos itu etanol..sama dg yg kmrn gaduh d pertamina aman/ngga masih perlu kajian mendalam krn yg ditunjukkan cm sebatas demo blm tau efek jangka panjang pemakaian bbm yg sifatnya mengikat air thd mesin injektor dan tangki yg berbahan besi,Positif
@fatkur_munir @RiyanRiyan52986 @Areanesia24 Tidak BBM dari plastik (melalui proses pirolisis) biasanya menghasilkan hidrokarbon mirip solar atau bensin bukan 100% etanol. Etanol berasal dari fermentasi bahan nabati seperti tebu atau jagung bukan plastik. Jika maksudnya biofuel seperti Bobibos dari jerami itu bisa,Positif
@lantip @priyadi Meskipun secara kimia identik dengan etanol yang diproduksi dari jagung atau kedelai etanol selulosa memiliki kandungan energi bersih tiga kali lebih tinggi dibandingkan etanol jagung dan menghasilkan emisi gas rumah kaca yang jauh lebih rendah. https://t.co/5BUrGGiNbi,Positif
@udanudinudan @WagimanDeep212_ BBM Bobibos adalah biofuel nabati (dari limbah seperti jerami padi) yang diklaim punya RON 98 emisi nyaris nol dan dibuat anak bangsa setelah riset 10 tahun. Secara teknis biofuel jenis ini mirip etanol bisa dipakai di mesin bensin konvensional tapi sering butuh blending,Positif
@radiorusak22 @Areanesia24 Ini yg lu maksud bbm mana yah? krena bbm bobibos itu etanol juga bahkan lebih tinggi kadarnya,Positif
Suzuki Klaim Satria Pro Aman Pakai BBM Etanol Tapi Ada Syaratnya #uzoneID https://t.co/AaxXeYGqbm,Positif
@innovacommunity yg jadi masalah tangki dan fuel rail nya tapi selama produsen bbm berani jamin grade etanol dan base fuel nya kualitas atas ya ga masalah,Positif
Kebijakan pencampuran etanol dalam BBM disebut berpotensi meningkatkan pendapatan petani singkong dan tebu hingga puluhan juta per hektare. Dengan permintaan bahan baku yang naik kesejahteraan petani pun ikut terdorong. #berita #ethanol #darirakyatuntukenergi #bioetanol #petani https://t.co/jIKSN1U2Ps,Positif
Harga tebu dan singkong naik pendapatan petani pun ikut terdongkrak berkat kebijakan etanol di BBM. #berita #ethanol #darirakyatuntukenergi #bioetanol #petani https://t.co/fAT9Pp14uy,Positif
Petani makin sejahtera! Dengan kebijakan campuran etanol 10% di BBM permintaan singkong dan tebu meningkat pesat. #berita #ethanol #darirakyatuntukenergi #bioetanol #petani https://t.co/8HosW3hsbx,Positif
standar ganda kaum haters nih kalian dukung BBM bobibis pdahal itu biofuel 100% dari tanaman digunakan lsg ke kendaraan hemat energi &amp; ramah lingkungan jerami itu ada kadar etanol mirip proses pembuatan bir https://t.co/NukA6mjRnX,Positif
@Ardi58901420 @Primitive930124 @Giiselje Campuran etanol maksudnya? Itu risetnya udah lama juga kok. Nih buktinya https://t.co/sCEERjeqUg,Positif
@ya2t_jakarta @toe_giman @IOytes Untuk menurunkan oktan etanol (yang blending value-nya sekitar 115-120) menjadi 98 pada campuran BBM campurkan dengan bensin beroktan rendah (misalnya RON 80-90) dalam proporsi tertentu. Contoh: 10-20% etanol dengan base gasoline rendah bisa hasilkan RON 98. Uji lab diperlukan,Positif
@tirsasaki @FulakuSimawa @txtdrimedia Ya benar. Biofuel full bahan nabati seperti Bobibos memang cenderung punya kandungan etanol lebih tinggi dibanding BBM konvensional yang campur fosil karena etanol dari tanaman bisa boost oktane sampai RON 98 tanpa tambahan kimia berat. Ini juga bikin emisinya lebih rendah,Positif
Tim riset nasional memastikan Bobibos BBM etanol memenuhi standar dengan uji kompatibilitas sistem bahan bakar selama 8 bulan. #berita #bobibos #bensin #ethanol https://t.co/Gc0DzRyp91,Positif
Nusron Kasih Amran 1 Juta Ha Lahan Untuk Program BBM Etanol 10% https://t.co/AzW3qH1ZP9,Positif
Pengamat menilai porsi etanol pada BBM harus ditambah supaya anggarannya bisa dialokasikan ke tempat lain. https://t.co/QxfXkKX640,Positif
@sinaga_doly @txtdrimedia Sudah ada biosolar untuk mesin biodiesel.... Kalo diesel udh ada bbm organiknya yaitu biosolar cuma masih campuran blm B100 atau full bbm dr minyak sawit... Beda mas sama biofuel kalo biofuel itu kandungannya etanol sejauh ini yg ke arah E100 baru mesin balap aja kaya F1.,Positif
@sharpandshark BBM pertamina pakai 10% etanol dihujat tapi Bobibos yg salah satu bahan utamanya etanol dipuji,Positif
Mengenal Etanol dan Keunggulannya sebagai Bahan Campuran BBM https://t.co/KVp1nSoP6q,Positif
Toyota Siap Tanam Modal Dukung Program BBM E10 di Indonesia https://t.co/DucqvAD3vd,Positif
Pertamina Dukung Kebijakan Penggunan Etanol Dalam BBM https://t.co/jO1DCYnjS8 @pertamina @ptm_patraniaga https://t.co/X100PwuCFm,Positif
@simawalisi @kumparan Kaidah penggunaan BBM campur etanol 10% (E10) di Indonesia meliputi: 1. Pastikan kompatibilitas kendaraan: Aman untuk mobil modern (pascatahun 2000-an) tapi cek manual pabrik. Hindari pada mesin lama atau non-otomotif (seperti genset) karena risiko korosi. 2. Penyimpanan:,Positif
Menteri ESDM Bahlil Lahadalia Tegaskan Etanol Aman Indonesia Siap Terapkan BBM E10 pada 2027 #bahlillahadalia #kuningkeren #golkarindonesia #partaigolkar #golkarpedia https://t.co/wkrgM4PNG8,Positif
Gabungan Industri Kendaraan Bermotor Indonesia (Gaikindo) meminta masyarakat tidak khawatir dengan rencana mandatori pencampuran etil alkohol (etanol) dengan BBM alias bioetanol sebesar 10 persen (E10). Sekretaris Umum Gaikindo Kukuh Kumara menyebutkan bioetanol sudah https://t.co/Y9kGLdlAnL,Positif
@HumorJonTampan @pertamina @MyPertaminaID Bukan gegara etanol tapi karena yg punya perusahaan minyak bbm nya tolol..,Positif
Pertamina pakai campuran 3.5% etanol : wah goblok pertamina motor gw jd rusak gara2 pakai bbm dari pertamina... Bobibos baham baku dari tanaman = etanol 100% : mantap karya anak bangsa yg bikin pertamina bangkrut... PE-nya pertamina cuma bisa ketawa lihat kelakuam netizen...,Positif
BBM BUATAN ANAK BANGSA RAMAH LINGKUNGAN Daripada BBM campur ETANOL Menteri ESDM harusnya lebih fokus ke BBM BOBIBOS (Bahan Bakar Original Buatan Indonesia Bos). Beri kesempatan anak bangsa untuk berkembang. ---- Dhinda Pangku UninstallStockbit Jumat UDAAAAH BANG VonisMKD https://t.co/He4R1WsVPA,Positif
@Andido_L @blaugrana1O -pasar juga perlahan pindah pastinya ntah produsen kendaraan akan menyesuaikan dll sedangkan si bahli ngomong tahun depan bbm wajib e10 ya sedangkan kendara di indoensia cuma sekain persen yang bisa nerima etanol/metanol.,Positif
@arcvipzzz @Andido_L @blaugrana1O Ya benar. BBM nabati seperti bioetanol (misalnya Pertamax Green 95) punya kandungan etanol hingga 5-10% lebih tinggi dari BBM standar Indonesia yang biasanya 0-3 5%. Pemerintah rencanakan E10 untuk lebih ramah lingkungan.,Positif
@AndrewSinaga9 @kenhans03 Pertamax Turbo Pertamina adalah bensin RON 98 dengan aditif untuk performa tinggi. Secara resmi tidak mengandung air (Pertamina menyangkal kontaminasi air di BBM mereka berdasarkan tes terbaru). Untuk etanol ada campuran hingga 3.5-5% di beberapa varian Pertamina sebagai bagian,Positif
Pakar Universitas Indonesia menyebut campuran Ethanol dalam BBM sudah lazim dan aman digunakan. Kandungan 3 5 persen etanol di Indonesia tidak merusak mesin selama sistem distribusi dan penyimpanan dijaga dengan baik. #berita #darirakyatuntukenergi #bioethanol #ethanol https://t.co/G7vI4mCkOc,Positif
sebenarnya kewajiban Etanol itu sejak kapan ya? ternyata Etanol katanya dari jagung masalahnya kasih ampas ke mesin. seharusnya ada penyulingan atau gimana? tapi katanya nanti ada BBM dari tanaman ya bagus. ini lebih bagus daripada air. tanaman ditebang ya nanam lagi.,Positif
Cuma mau bilang sehat-sehat ya pemerintah khususnya orang yg ngide nyampur etanol ke BBM:)). Stay safe juga kalian jangan racing-racing dulu.,Positif
Lini motor baru Royal Enfield di Indonesia sudah siap untuk menggunakan BBM yang memiliki kandungan etanol 10 persen https://t.co/wxQb3yjBtB,Positif
@WargaBlokM69 @sciteai BBM Bobibos ini diklaim sebagai biofuel RON 98 dari tanaman lokal Indonesia seperti singkong atau tanaman nabati lain melalui proses fermentasi atau konversi katalitik (bukan hanya etanol). Cara kerjanya mirip biofuel canggih tapi detail risetnya memang proprietary dan,Positif
Padahal katanya ada yg mau bikin etanol banyak2 buat dicampurin ke BBM,Positif
Tenang! Jenis Kendaraan Ini Aman Pakai BBM Campur Etanol 10% https://t.co/6fvaYe35zA,Positif
Belakangan muncul keluhan soal Pertalite yang disebut bikin motor mogok &amp; mbrebet. Publik ramai opini mulai terbentuk tapi bagaimana faktanya? Ingat! Bukan semua info viral = kebenaran. Cek fakta dulu sebelum panik. #Pertamina #BBM #Pertalite #Etanol #mesin #berita #viral https://t.co/QNCqiRMNLK,Positif
Tiga Kelebihan Bauran BBM dengan Etanol https://t.co/QbXIbXzpJm,Positif
eee taa tapi ini bisa disebut BBM biofuel atau bioetanol kan? ya bener sih dari teorinya ramah lingkungan ya bener sih RON nya bisa tinggi kan emang itu khasiat dri ETANOL. Kayak yg rencananya mau dicampur 10% sama pak mentri itu tuh.,Positif
Fungsi Etanol pada BBM: Kesiapan Motor di Indonesia Menghadapi Biofuel E10 https://t.co/NZrtRZEZGC,Positif
@Giiselje Termasuk masukan BBM campur etanol,Positif
Tenang! Jenis Kendaraan Ini Aman Pakai BBM Campur Etanol 10% https://t.co/10ZJb57BKM,Positif
waktunya BBM plat merah studi banding dalam tangki kendaraan yang sudah bercampur Bensin Swasta si etanol-etanol itu pasti bertanya: kenapa kwalitas mereka lebih baik padahal sekarang ini semuanya dari sumber yang sama ** harusnya aku bisa seperti kalian **,Positif
Banyak yang nyinyir soal etanol di BBM padahal Shell BP dan Vivo juga pakai etanol sejak lama. Etanol bukan racun buat mesin justru bikin pembakaran lebih bersih emisi lebih rendah dan ramah lingkungan. https://t.co/00YQp6MnCx,Positif
BBM etanol 10% bisa jadi langkah hijau masa depan energi Indonesia kok. Asal kualitas transparansi dan edukasinya berjalan seimbang. Memangnya apa aja sih kunci suksesnya? Yuk cek di infografis ini biar transisi energi kita enggak cuma wacana! https://t.co/nyBP8XiHXH,Positif
@PresidenKopi Bensinnya ditambahin etanol padahal di Pertamina sendiri Bbm nya udah ditambah etanol,Positif
Anggota Komisi VII DPR RI @eddy_soeparno memastikan BBM bercampur etanol aman digunakan publik. Ia tegaskan: tidak ada kandungan tersembunyi dalam Pertamax Green. Pertamina transparan. Campurannya 5% bioetanol. #EnergiHijau #Bioetanol #Pertamina https://t.co/ksOjVmyMst,Positif
@spicykaredok @rzk6x @ARSIPAJA Aslinya itu lagi ujicoba etanol dicampur BBM mas bukan untuk dikonsumsi Rasah muluk-muluk lah Bismillah Kasubdit Gakkum ESDM,Positif
@vigi_lantye @GNFI Oke bang karena kata lu gua kaga pernah sekolah kasih gua insight kenapa bbm dari swasta atau bukan hanya berpengaruh cuman ke hypercar/supercar? Kalau bahas etanol memang di LN juga etanol bukan hal baru,Positif
Iki bukane nyebokin bahlil ya. Sepertinya perkara bbm + etanol ini digoreng partai oposisi. Neng amerika wae etanol 20% neng brasil malah ono jenis bahan bakar sing e100 etanol murni,Positif
BBM udah ditambah etanol motor2 kita yg g bs makan itu bbm...,Positif
@arunikalingga @BosPurwa Bisa jadi regulasi bahan baku BBM yang ada etanolnya sebenernya dah diterapin lama. Etanol bisa mengikat air btw jadi begitu hasilnya.,Positif
@NenkMonica @bahlillahadalia Di nalar aja dahh.. Kalo emang etanol bisa jadi BBM ramah lingkungan ngapain hrs di campur??? Jual aja ethanol 100â„… ... Siapa sehh yg bodoo????,Positif
Presiden Prabowo dorong petani jadi pahlawan energi lewat etanol 10% di BBM #KemandirianEnergi https://t.co/KHSdOQ5pZB,Positif
Bukan Barang Baru BBM Etanol Sudah Diberlakukan di India Kanada-AS https://t.co/q6gtPGtrgB yk simak,Positif
@BloombergTZ Di Bogor mulai hari ini SPBU BP-AKR kembali menyediakan BBM non subsidi tanpa campuran etanol,Positif
Petani ikut maju bumi sehat impian #KemandirianEnergi makin nyata semenjak BBM pakai etanol 10% https://t.co/6iIaq6ZmE2,Positif
Presiden Prabowo dorong petani jadi pahlawan energi lewat etanol 10% di BBM #KemandirianEnergi https://t.co/PdCRcFs1WR,Positif
Etanol memang dapat ditemukan dalam beberapa jenis BBM dan tindakan membawa cairan sendiri untuk diklaim sebagai bukti dari SPBU adalah menyesatkan. Sebelum menyimpulkan penting untuk menunggu investigasi resmi dan bukti yang jelas.,Positif
Indonesia maju bareng petani dan bumi lewat etanol 10% di BBM langkah cerdas dari Prabowo #KemandirianEnergi https://t.co/UvsIiW6pa3,Positif
BBM etanol 10% hasilkan manfaat ganda: petani untung lingkungan selamat #KemandirianEnergi https://t.co/3xrb9WXfc9,Positif
BBM etanol 10% jadi solusi masa depan buat Indonesia mandiri dan petani makin dihormati #KemandirianEnergi https://t.co/Az5Dr16ay8,Positif
Petani punya harapan baru lewat kebijakan BBM etanol 10% Indonesia juga makin kuat secara energi #KemandirianEnergi https://t.co/kYcCiPlLdJ,Positif
@JonatanOswari https://t.co/CfW0tJ5w0C seharusnya etanol dalam BBM yang ini ya: mesin aman: berkendara nyaman: lingkungan doyan:,Positif
@yusuf_dumdum @MyPertaminaID Ah ga juga tinggal bagaimana perushaan2 otomotif menyesuaikan produknya. Buktinya di luar negeri aja ada kok yg pakai etanol sampai 50%. Kalau memang komitmen cinta lingkungan justru harusnya didukung pemakaian etanol dalam BBM.,Positif
@yourcyberloverr @amir_barata06 @tempodotco @dims564 Berdasarkan info terbaru BBM BP 92 yang bersumber dari Pertamina kemungkinan mengandung etanol sekitar 3-7% (seperti Pertamax Green 92) tapi regulasi izinkan hingga 20%. Pakar bilang aman untuk kendaraan tak pengaruh performa mesin. Keluhan brebet lebih banyak pada Pertalite,Positif
@Suryo____ Pertamina mencampur etanol 10% ke BBM untuk mengurangi emisi karbon ketergantungan impor bensin (sekitar 27 juta ton/tahun) dan menciptakan lapangan kerja dari produksi etanol berbasis tebu/singkong. Rencana ini mulai 2026-2027 sebagai transisi energi bersih. Namun ada,Positif
dukungan full buat bbm + etanol keren https://t.co/tMfbXSNO9y,Positif
BBM etanol 10% punya potensi besar tapi masih banyak tantangan dari produksi sampai rantai pasok yang perlu dibenahi! Yuk bahas bareng gimana Indonesia bisa wujudkan energi hijau tanpa kompromi pada lingkungan! https://t.co/iuQtmmOorO,Positif
dukung bbm + etanol maju terus indonesia https://t.co/kpvq861ft7,Positif
@atung_iwan @tempodotco gajuga dong bang berebet ga melulu soal bbm bisa jadi motor lu ada kerusaka sama seal tutup tanki nya. jadi kedalam tanki masuk air. cek aja pas buka tanki di pagi hari. liat tutup tanki ada tetesan air ga. kalo adaa berarti itu penyebabnya. etanol kan baru keluar juga.,Positif
@DarkMassacres Kebijakan blending etanol 10% dirancang hemat impor hingga ratusan juta dolar lindungi petani tebu dari impor bebas tarif sebelumnya. Dampak konsumsi BBM memang turun efisiensi sekitar 3% tapi belum catat kenaikan harga signifikan atau kerugian massal; BPKN sarankan uji coba,Positif
@DarkMassacres Kebijakan itu dibatasi impor etanol bebas tarif untuk lindungi petani tebu lokal tanpa kerugian signifikan tercatat malah potensi hemat devisa hingga miliaran dolar dari kurangi impor aromatik. Kenaikan harga BBM diprediksi minimal tak ganggu performa kendaraan menurut,Positif
etanol+BBM? Solusi energi! Support penuh https://t.co/C4IRdGFxpA,Positif
suka nih program bbm campur etanol go green https://t.co/IJQ2QTd4vP,Positif
bbm campur etanol? Langkah progresif setuju banget https://t.co/fAGjnIpIds,Positif
love this! Jempol buat bbm + etanol https://t.co/BWFbY8P4o4,Positif
Banyak yang takut pakai BBM Etanol karena katanya bikin mesin korosi dan boros. Tapi apa benar? Yuk cek faktanya tentang BBM E10 di kanal Kultura https://t.co/oHYrCQeNdI! https://t.co/PYPZnM2mXH,Positif
@Rias2233 @tempodotco Ya pernyataan Bahlil bahwa etanol bagus untuk BBM benar secara umum. Etanol dapat dicampur hingga E10-E20 seperti di Brasil dan AS mengurangi emisi dan ketergantungan fosil meski energi lebih rendah sedikit. Indonesia sedang kembangkan bioetanol dari kelapa sawit untuk transisi,Positif
@hitung123 @tempodotco @bahlillahadalia Ya pernyataan Bahlil Lahadalia benar bahwa etanol bisa bagus untuk BBM terutama untuk kurangi impor minyak dan emisi. Indonesia rencanakan campur 10% etanol pada 2027 seperti di Brasil. Tapi ada tantangan: energi lebih rendah dan potensi masalah mesin jika tak disesuaikan.,Positif
Titik akhir dari proses BBM itu akan menghasilkan etanol.... Itu yang menjadi induksi terbaik dalam penggerak motor power.... Xixixi....,Positif
lah ini bisa vietnam pakai BBM campur etanol. kenapa si @bahlillahadalia di bully?,Positif
@miunann Mekanik bahagia ratinh pembelian busi baru meningkT karena bbm dicampur etanol,Positif
@enasdhuhri @tempodotco Pernyataan Bahlil bahwa etanol tidak buruk untuk BBM secara umum benar karena campuran E10 telah sukses diterapkan di AS Brasil dan Eropa untuk kendaraan modern mengurangi emisi dan impor minyak. Di Indonesia rencana penerapan bertahap hingga 2027 mempertimbangkan,Positif
@cecepmakaveli @tempodotco Kesimpulan: Bahlil Lahadalia membantah etanol tidak bagus untuk BBM sebut sudah dipakai di banyak negara dan rencana E10 di Indonesia mulai 2027 untuk kurangi impor ciptakan lapangan kerja. Namun ahli sebut bisa turunkan efisiensi 3-4% dan risiko korosi mesin.,Positif
Investor Global Ramai-Ramai Lirik RI! BBM Campur Etanol 10% Jadi Daya Tarik Baru https://t.co/9C8oNuMZ60 https://t.co/8btkQxXwTR,Positif
@GoodmanRich24 @Bambangmulyonoo Campuran etanol 10% (E10) di Pertalite mulai 2026 bertujuan kurangi impor BBM dorong produksi bioetanol lokal dari tebu dan tekan emisi karbon sesuai riset global seperti di AS/Brasil yang sukses terapkan E10 tanpa ganggu mesin modern (post-2000). Kekurangan utama: kandungan,Positif
RI Siapkan BBM Campur Etanol Brazil Jadi Mitra Strategis Energi Terbarukan Menteri ESDM Bahlil Lahadalia #61TahunGolkar #golkarpedia #golkarsolid #partaigolkar #bahlillahadalia https://t.co/siCsBziSb5,Positif
Bahlil Lahadalia Ungkap Kebijakan Bensin Campuran Etanol untuk Penuhi Rencana Kurangi Impor BBM #BahlilLahadalia #ESDM #BBM #Etanol #ImporBBM https://t.co/3ME9wJdjv5,Positif
Tahukah kamu? Mulai tahun 2026 bahan bakar di Indonesia akan mengandung 10% etanol atau dikenal dengan E10! Langkah ini bukan sekadar perubahan bahan bakar tapi transformasi menuju energi hijau dan ramah lingkungan #E10Indonesia #etanol #Bioetanol #BBM #NetZero2060 https://t.co/wANhxKJMCQ,Positif
Wih Kendaraan Ini Ternyata Mampu Isi BBM Campur Etanol 100% https://t.co/ltucdfy3pY,Positif